Joint1_alpha,Joint1_a,Joint1_d,Joint1_theta_offset,Joint2_alpha,Joint2_a,Joint2_d,Joint2_theta_offset,Joint3_alpha,Joint3_a,Joint3_d,Joint3_theta_offset,Joint4_alpha,Joint4_a,Joint4_d,Joint4_theta_offset,Joint5_alpha,Joint5_a,Joint5_d,Joint5_theta_offset,Joint6_alpha,Joint6_a,Joint6_d,Joint6_theta_offset,TCP_tx,TCP_ty,TCP_tz,TCP_qx,TCP_qy,TCP_qz,TCP_qw,Laser_tx,Laser_ty,Laser_tz,Laser_qx,Laser_qy,Laser_qz,Laser_qw
-0.011647763411432305,0.08863657339793929,-0.010468041656008429,0.012025434287584904,-0.015422457911198352,0.06110710333858342,0.16312736382508145,0.004384409791206385,0.014874861286769306,0.007102057153721187,-0.16312892672111828,0.0002453128966988108,-0.013715000741020413,0.007164757575771584,0.06594201957918738,-0.017453292519943295,-0.007304342139666353,0.03512656459828127,0.07374495669762852,-0.017453292519943295,0.01899507689982496,0.07260143509693615,0.08944042938139231,-0.017453292519943295,-0.07981670511989591,-0.2064531309038437,0.08944042938139267,-0.00012446995795597468,0.009618462707214793,0.010166094875488276,-0.0008519337651680278,0.25906990379808786,-0.011619155159331103,-0.010285035884656034,0.0,0.0,0.0,0.0
0.0006047419684214553,0.046363301002259494,0.025584464612770086,0.004190216651929329,0.0024606717524903446,0.025093461961447617,0.020811349646544165,0.004505282338800183,0.0021802892868665377,0.030924965836068522,-0.020784389775656876,0.0010398328375619747,-0.0018965950247730105,-0.00515642300576892,0.012575215685566136,-0.017453292519943295,-0.004114499871859611,-0.057997246290890286,0.015583450236158876,-0.005998081000151979,0.003971659909635774,0.02366470803758794,0.011569166940717114,-0.017453292519943295,-0.03699756297196242,-0.12803443721341923,0.011569166940717166,0.0003425360186394374,0.004353078763544512,0.006242104419905039,-0.006955358107611875,0.1868310425326789,0.009931788460459267,0.025734323137694227,0.0,0.0,0.0,0.0
