,alpha,a,d,theta_offset
Joint_1,0.115691,-0.501566,286.054430,-0.004137
Joint_2,-89.997760,-0.816181,-0.017709,-89.935573
Joint_3,180.001328,760.908767,0.017673,-89.976021
Joint_4,-90.004877,0.175460,539.669493,-0.003361
Joint_5,89.643225,0.048640,148.875268,0.031367
Joint_6,-90.330391,0.204874,127.477108,-0.221623
