parameter,value
tx,3610.826652
ty,3300.745789
tz,13.539604
qx,0.001377
qy,-0.005554
qz,0.787538
qw,-0.616240
