,alpha,a,d,theta_offset
Joint_1,0.000000,0.000000,380.000000,0.000000
Joint_2,-90.000000,29.784974,0.000000,-90.093884
Joint_3,0.000000,440.438501,0.000000,0.216330
Joint_4,-90.000000,35.561529,434.647435,-0.086169
Joint_5,90.000000,0.000000,0.000000,-0.258089
Joint_6,-90.000000,0.000000,83.000000,180.000000
