,alpha,a,d,theta_offset
Joint_1,0.162029,2.573372,285.457708,-0.072539
Joint_2,-89.999154,-0.144174,-0.028673,-90.018040
Joint_3,179.999714,760.857161,0.029429,-90.002370
Joint_4,-90.008848,-0.022199,539.492611,0.008659
Joint_5,89.579822,0.017902,148.911031,0.008641
Joint_6,-90.286711,0.112823,127.207627,-0.280230
