,theta_offset,alpha,d,a
Joint_1,0.000000,0.000000,487.000000,0.000000
Joint_2,-90.090486,-90.000000,1.292742,85.007531
Joint_3,-0.124026,0.000000,1.292742,641.601031
Joint_4,0.070202,-90.000000,719.200641,206.973048
Joint_5,-0.053872,90.000000,0.536362,0.300224
Joint_6,180.000000,-90.000000,75.000000,0.000000
