,alpha,a,d,theta_offset
Joint_1,0.115887,-0.499916,286.054751,-0.004218
Joint_2,-89.997779,-0.817459,-0.017312,-89.935325
Joint_3,180.001223,760.908638,0.017261,-89.976374
Joint_4,-90.004894,0.172375,539.670007,-0.003459
Joint_5,89.643176,0.048550,148.861438,0.024914
Joint_6,-90.326821,0.180269,127.477017,-5.556859
