parameter,value
tx,1.648109
ty,-4.167678
tz,232.732082
qx,0.011139
qy,0.070333
qz,-0.423111
qw,-0.903275
