parameter,value
tx,2481.479950
ty,2909.324358
tz,35.952686
qx,0.001320
qy,0.001560
qz,-0.591505
qw,0.806299
