,alpha,a,d,theta_offset
Joint_1,0.065973,-1.353204,283.717578,-0.086555
Joint_2,-89.997687,-0.740164,-0.032197,-89.942671
Joint_3,179.998970,760.873456,0.031818,-90.000856
Joint_4,-90.009652,-0.073324,539.668678,-0.027132
Joint_5,89.624693,0.108966,148.824785,-0.002231
Joint_6,-90.300070,0.096455,129.292681,-12.972864
