,theta_offset,alpha,d,a
Joint_1,-0.106872,0.000000,485.900960,0.000000
Joint_2,-89.932329,-90.000000,0.000000,83.659919
Joint_3,-0.447755,0.000000,0.000000,639.812895
Joint_4,0.314886,-90.000000,720.834041,205.161209
Joint_5,0.044781,90.000000,0.000000,0.000000
Joint_6,180.873502,-90.000000,75.090329,0.000000
