parameter,value
tx,0.356831
ty,3.446458
tz,238.336142
qx,0.503783
qy,0.513521
qz,0.504140
qw,0.477851
