,alpha,a,d,theta_offset
Joint_1,0.152153,2.565812,285.455651,-0.062938
Joint_2,-90.000131,-0.150528,-0.066918,-90.019205
Joint_3,180.003145,760.859061,0.067675,-90.001162
Joint_4,-90.011173,-0.009963,539.503758,0.008250
Joint_5,89.580574,0.014117,151.101331,0.799145
Joint_6,-90.846737,3.199153,127.210962,0.130491
