parameter,value
tx,3610.716056
ty,3300.642108
tz,14.478443
qx,0.001596
qy,-0.005293
qz,0.787270
qw,-0.616584
