parameter,value
tx,3610.820626
ty,3300.637436
tz,13.653729
qx,0.001410
qy,-0.005514
qz,0.787282
qw,-0.616567
