,alpha,a,d,theta_offset
Joint_1,0.000000,0.000000,486.779191,-0.027167
Joint_2,-90.000000,85.718545,0.000000,-90.243217
Joint_3,0.000000,639.803841,0.000000,-0.457975
Joint_4,-90.000000,205.394839,720.275173,0.566967
Joint_5,90.000000,0.000000,0.000000,0.070142
Joint_6,-90.000000,0.000000,75.040268,179.633446
