,theta_offset,alpha,d,a
Joint_1,-0.008356,0.000000,487.969787,0.000000
Joint_2,-90.041486,-90.000000,0.000000,85.143836
Joint_3,-0.060116,0.000000,0.000000,640.916430
Joint_4,0.059602,-90.000000,719.681439,205.989332
Joint_5,-0.094613,90.000000,0.000000,0.000000
Joint_6,180.970479,-90.000000,75.210538,0.000000
