parameter,value
tx,3602.282609
ty,3300.404092
tz,12.610362
qx,0.002240
qy,-0.005432
qz,0.787118
qw,-0.616775
