,alpha,a,d,theta_offset
Joint_1,-0.108742,-4.072825,485.571643,-0.043934
Joint_2,-89.872771,85.978213,0.488996,-89.905965
Joint_3,0.069967,639.177188,0.476034,-0.131880
Joint_4,-90.118720,208.255664,719.207182,0.171650
Joint_5,90.592145,0.224066,-1.759042,0.058915
Joint_6,-90.317620,-0.323994,75.077080,179.587857
