,theta_offset,alpha,d,a
Joint_1,0.019465,0.000000,487.293103,0.000000
Joint_2,-90.233187,-90.000000,0.000000,86.006704
Joint_3,-0.460941,0.000000,0.000000,640.148683
Joint_4,0.561808,-90.000000,720.394503,205.265190
Joint_5,0.071113,90.000000,0.000000,0.000000
Joint_6,179.615719,-90.000000,75.863813,0.000000
