parameter,value
<<<<<<< HEAD
tx,3610.716056
ty,3300.642108
tz,14.478443
qx,0.001596
qy,-0.005293
qz,0.787270
qw,-0.616584
=======
tx,3610.619961
ty,3300.607317
tz,14.618690
qx,0.003866
qy,-0.005205
qz,0.787231
qw,-0.616624
>>>>>>> 860f820dd96d16fd627a0b9adbc9b7b2e81a1488
