parameter,value
tx,2482.648614
ty,2905.486026
tz,35.060908
qx,0.001113
qy,0.000799
qz,-0.591933
qw,0.805986
