parameter,value
tx,2481.479703
ty,2909.315140
tz,35.952957
qx,0.001239
qy,0.001602
qz,-0.591444
qw,0.806344
