parameter,value
tx,-0.405996
ty,1.264126
tz,239.311829
qx,0.502137
qy,0.500858
qz,0.501768
qw,0.495205
