parameter,value
tx,2482.648138
ty,2905.486314
tz,35.063593
qx,0.001109
qy,0.000798
qz,-0.591932
qw,0.805987
