parameter,value
<<<<<<< HEAD
tx,2482.647852
ty,2905.486249
tz,35.064526
qx,0.001109
qy,0.000798
qz,-0.591931
=======
tx,2482.647943
ty,2905.488009
tz,35.064245
qx,0.001112
qy,0.000798
qz,-0.591932
>>>>>>> db411269f9aa3aa19517e56bc93b7d7a17f35878
qw,0.805987
