parameter,value
tx,2481.747439
ty,2905.153669
tz,35.354162
qx,0.001130
qy,0.000821
qz,-0.591935
qw,0.805985
