parameter,value
tx,3611.499541
ty,3298.413582
tz,19.139412
qx,0.005078
qy,-0.005171
qz,0.786759
qw,-0.617218
