parameter,value
tx,1.082034
ty,1.135644
tz,96.996411
qx,0.499471
qy,0.501801
qz,0.500541
qw,0.498179
