parameter,value
tx,1.786129
ty,-0.627420
tz,96.971520
qx,0.725986
qy,0.020763
qz,0.023905
qw,0.686980
