parameter,value
tx,1.747877
ty,-0.725059
tz,96.971808
qx,0.723168
qy,-0.001137
qz,0.002086
qw,0.690668
