,alpha,a,d,theta_offset
Joint_1,0.000000,0.000000,487.969787,-0.008356
Joint_2,-90.000000,85.143836,0.000000,-90.041486
Joint_3,0.000000,640.916430,0.000000,-0.060116
Joint_4,-90.000000,205.989332,719.681439,0.059602
Joint_5,90.000000,0.000000,0.000000,-0.094613
Joint_6,-90.000000,0.000000,75.210538,180.970479
