,theta_offset,alpha,d,a
Joint_1,-0.003262,0.000000,487.407922,0.000000
Joint_2,-90.222213,-90.000000,0.000000,85.515997
Joint_3,-0.464264,0.000000,0.000000,639.811701
Joint_4,0.563813,-90.000000,720.290781,205.346295
Joint_5,0.071293,90.000000,0.000000,0.000000
Joint_6,179.630803,-90.000000,75.775668,0.000000
