,alpha,a,d,theta_offset
Joint_1,0.152349,2.564661,285.458553,-0.064108
Joint_2,-89.999102,-0.133840,-0.033186,-90.019661
Joint_3,179.999802,760.857081,0.033797,-90.001968
Joint_4,-90.009590,-0.016750,539.490825,0.009279
Joint_5,89.579323,0.019251,148.967319,0.021317
Joint_6,-90.300723,0.157606,127.207339,-3.810940
