,alpha,a,d,theta_offset
Joint_1,0.115890,-0.499890,286.053812,-0.004025
Joint_2,-89.997919,-0.821126,-0.023119,-89.935214
Joint_3,180.001873,760.909329,0.023061,-89.975744
Joint_4,-90.005141,0.177692,539.671856,-0.003585
Joint_5,89.643608,0.048130,149.143787,0.154648
Joint_6,-90.399241,0.686726,127.478152,-5.573600
