,theta_offset,alpha,d,a
Joint_1,0.000000,0.000000,487.000000,0.000000
Joint_2,-89.987196,-90.000000,0.000000,85.495800
Joint_3,0.000053,0.000000,0.000000,640.001847
Joint_4,0.168868,-90.000000,720.469062,205.193713
Joint_5,0.006447,90.000000,0.000000,0.000000
Joint_6,180.000000,-90.000000,75.000000,0.000000
