,alpha,a,d,theta_offset
Joint_1,0.073774,-0.456834,285.351430,0.015656
Joint_2,-89.992967,-0.575128,0.078713,-89.956331
Joint_3,179.988743,760.807767,-0.078644,-89.999235
Joint_4,-89.999708,-0.010507,539.617284,-0.085482
Joint_5,89.631982,0.200525,148.820382,-0.021995
Joint_6,-90.301639,0.101057,128.450456,-0.087266
