parameter,value
tx,0.179605
ty,1.164300
tz,238.438813
qx,0.495812
qy,0.503137
qz,0.505273
qw,0.495704
