parameter,value
tx,1.784677
ty,-0.665483
tz,96.975790
qx,0.705877
qy,0.013418
qz,0.014514
qw,0.708059
