parameter,value
tx,2482.687439
ty,2905.364086
tz,34.920802
qx,0.001161
qy,0.000777
qz,-0.591927
qw,0.805990
