,theta_offset,alpha,d,a
Joint_1,0.000000,0.000000,380.000000,0.000000
Joint_2,-90.089338,-90.000000,0.000000,29.538577
Joint_3,0.187115,0.000000,0.000000,440.493053
Joint_4,-0.055533,-90.000000,434.666721,35.305899
Joint_5,-0.232928,90.000000,0.000000,0.000000
Joint_6,180.000000,-90.000000,83.000000,0.000000
