parameter,value
tx,-1.636569
ty,0.281575
tz,239.258430
qx,0.495510
qy,0.504486
qz,0.509463
qw,0.490317
