parameter,value
tx,1.933154
ty,-0.263771
tz,94.946179
qx,0.700622
qy,0.074573
qz,0.075357
qw,0.705613
