parameter,value
tx,2482.868100
ty,2904.818000
tz,36.025300
qx,0.001900
qy,0.000900
qz,-0.592000
qw,0.806000
