parameter,value
tx,1.757231
ty,-0.696655
tz,96.970775
qx,0.805022
qy,-0.000765
qz,0.002742
qw,0.593239
