,theta_offset,alpha,d,a
Joint_1,0.000000,0.000000,380.000000,0.000000
Joint_2,-90.084880,-90.000000,0.012325,29.554229
Joint_3,0.166845,0.000000,0.012325,440.455102
Joint_4,-0.106709,-90.000000,434.696452,35.217686
Joint_5,-0.249230,90.000000,-0.185658,-0.122835
Joint_6,180.000000,-90.000000,83.000000,0.000000
