,alpha,a,d,theta_offset
Joint_1,0.109753,-0.644975,286.199001,-0.004425
Joint_2,-89.998124,-0.812109,-0.029985,-89.936639
Joint_3,180.002464,760.908769,0.029693,-89.976001
Joint_4,-90.005505,0.176042,539.671092,-0.003523
Joint_5,89.642747,0.046638,149.557964,0.292720
Joint_6,-90.504273,1.226619,128.600171,-0.013515
