parameter,value
tx,1.753602
ty,-0.733295
tz,96.975143
qx,0.702761
qy,-0.004647
qz,-0.000073
qw,0.711411
