parameter,value
tx,1.745852
ty,-0.736075
tz,96.970644
qx,0.728683
qy,-0.003692
qz,0.000576
qw,0.684840
