parameter,value
tx,0.173994
ty,1.180949
tz,238.350668
qx,0.495827
qy,0.503077
qz,0.505258
qw,0.495765
