,alpha,a,d,theta_offset
Joint_1,0.152481,2.563255,285.458607,-0.064069
Joint_2,-89.999192,-0.134384,-0.031835,-90.019740
Joint_3,179.999834,760.856164,0.032534,-90.002101
Joint_4,-90.009589,-0.021416,539.490355,0.006530
Joint_5,89.579066,0.014987,148.958385,0.002438
Joint_6,-90.297823,0.095713,127.206594,-0.104720
