,alpha,a,d,theta_offset
Joint_1,0.152399,2.565905,285.454100,-0.064325
Joint_2,-89.999253,-0.136463,-0.036528,-90.019401
Joint_3,180.000158,760.857405,0.036550,-90.002025
Joint_4,-90.009706,-0.018511,539.491312,0.009462
Joint_5,89.579274,0.017278,148.939400,0.129106
Joint_6,-90.293431,0.579919,127.206463,-0.245696
