parameter,value
tx,1.820588
ty,-0.548700
tz,97.103663
qx,0.705770
qy,0.016368
qz,0.036508
qw,0.707310
