parameter,value
tx,2481.482864
ty,2909.326748
tz,35.952863
qx,0.001309
qy,0.001572
qz,-0.591499
qw,0.806303
