,alpha,a,d,theta_offset
Joint_1,0.051656,-1.902204,285.329338,0.010039
Joint_2,-90.001055,-0.391829,-0.106325,-89.995708
Joint_3,180.007391,760.829217,0.106326,-89.989883
Joint_4,-90.012182,0.064394,539.553912,0.002557
Joint_5,89.600123,0.017892,154.674577,1.805932
Joint_6,-91.778567,7.136576,128.260733,1.051109
