parameter,value
tx,3611.765278
ty,3319.856273
tz,38.623263
qx,-0.006338
qy,-0.010834
qz,0.780450
qw,-0.625092
