,alpha,a,d,theta_offset
Joint_1,0.115739,-0.503695,286.057744,-0.004066
Joint_2,-89.997790,-0.818139,-0.019106,-89.935526
Joint_3,180.001508,760.909085,0.019069,-89.975817
Joint_4,-90.004982,0.176571,539.669663,-0.003431
Joint_5,89.643359,0.048757,148.952580,0.067149
Joint_6,-90.350290,0.344452,128.478624,-0.213720
