parameter,value
tx,1.903188
ty,-0.570093
tz,96.776794
qx,0.699585
qy,0.031740
qz,0.032979
qw,0.713081
