,theta_offset,alpha,d,a
Joint_1,0.000000,0.000000,380.000000,0.000000
Joint_2,-90.092209,-90.000000,-0.000382,29.795011
Joint_3,0.181330,0.000000,-0.000382,440.456356
Joint_4,-0.104737,-90.000000,434.664573,35.230026
Joint_5,-0.251693,90.000000,-0.131233,0.004100
Joint_6,180.000000,-90.000000,83.000000,0.000000
