parameter,value
tx,3610.619961
ty,3300.607317
tz,14.618690
qx,0.003866
qy,-0.005205
qz,0.787231
qw,-0.616624
