parameter,value
tx,1.162007
ty,1.165386
tz,96.963533
qx,0.499615
qy,0.501838
qz,0.500581
qw,0.497958
