parameter,value
tx,3606.117629
ty,3296.847626
tz,13.549823
qx,0.004920
qy,-0.005030
qz,0.786698
qw,-0.617298
