parameter,value
tx,1.841644
ty,-0.744957
tz,96.776885
qx,0.689739
qy,-0.001323
qz,0.000685
qw,0.724056
