parameter,value
tx,2481.502241
ty,2909.262329
tz,35.936489
qx,0.001245
qy,0.001488
qz,-0.591438
qw,0.806348
