parameter,value
tx,1.765200
ty,-0.740500
tz,95.938400
qx,0.707200
qy,-0.001000
qz,-0.002200
qw,0.707000
