parameter,value
tx,1.904932
ty,-0.567387
tz,96.777929
qx,0.691579
qy,0.031360
qz,0.032888
qw,0.720870
