parameter,value
tx,2481.481509
ty,2909.323532
tz,35.955625
qx,0.001318
qy,0.001559
qz,-0.591503
qw,0.806301
