parameter,value
tx,2482.647943
ty,2905.488009
tz,35.064245
qx,0.001112
qy,0.000798
qz,-0.591932
qw,0.805987
