parameter,value
tx,2482.703620
ty,2904.728425
tz,37.574140
qx,0.001437
qy,0.000656
qz,-0.591333
qw,0.806426
