parameter,value
tx,2482.647852
ty,2905.486249
tz,35.064526
qx,0.001109
qy,0.000798
qz,-0.591931
qw,0.805987
