,theta_offset,alpha,d,a
Joint_1,-0.019316,-0.008937,379.855534,-0.276924
Joint_2,-90.091801,-89.979003,0.106313,29.936235
Joint_3,0.144807,-0.009723,0.106409,440.464641
Joint_4,-0.116505,-89.996802,434.642327,34.947368
Joint_5,-0.184290,89.928244,-0.085320,-0.028742
Joint_6,180.180464,-89.994024,82.960261,0.178626
