parameter,value
tx,2481.479230
ty,2909.322932
tz,35.950933
qx,0.001319
qy,0.001560
qz,-0.591505
qw,0.806299
