parameter,value
tx,-0.411840
ty,1.914167
tz,238.564038
qx,0.500284
qy,0.505143
qz,0.508607
qw,0.485660
