parameter,value
tx,1.842609
ty,-0.745016
tz,95.775398
qx,0.643718
qy,-0.002160
qz,0.001066
qw,0.765259
