,alpha,a,d,theta_offset
Joint_1,0.154232,2.630439,285.441395,-0.073925
Joint_2,-89.999113,-0.225234,-0.027746,-90.008141
Joint_3,179.999843,760.863505,0.028403,-90.000084
Joint_4,-90.008746,-0.004920,539.515667,0.008394
Joint_5,89.587300,0.018346,148.891008,-0.002783
Joint_6,-90.287866,0.067914,127.211609,-2.526316
