,theta_offset,alpha,d,a
Joint_1,0.000000,0.000000,487.000000,0.000000
Joint_2,-91.052008,-90.000000,-3.521449,85.641340
Joint_3,0.125324,0.000000,-3.521449,627.722461
Joint_4,0.780985,-90.000000,715.526437,212.472070
Joint_5,0.232794,90.000000,0.806994,2.468984
Joint_6,180.000000,-90.000000,75.000000,0.000000
