parameter,value
tx,3610.944572
ty,3300.975109
tz,14.384847
qx,0.001260
qy,-0.005608
qz,0.787154
qw,-0.616729
