parameter,value
tx,-0.288680
ty,1.835014
tz,238.501125
qx,0.497823
qy,0.504748
qz,0.506045
qw,0.491243
