parameter,value
tx,1.843023
ty,-0.746567
tz,95.657283
qx,0.685996
qy,-0.003171
qz,0.000025
qw,0.727599
