parameter,value
tx,0.202555
ty,1.163114
tz,239.089576
qx,0.497418
qy,0.499603
qz,0.507247
qw,0.495654
