,alpha,a,d,theta_offset
Joint_1,0.151655,2.569406,285.450824,-0.061420
Joint_2,-90.001481,-0.202724,-0.116406,-90.017964
Joint_3,180.010039,760.867413,0.117474,-89.994821
Joint_4,-90.012272,0.060603,539.548314,0.006294
Joint_5,89.589104,-0.002280,160.069119,1.955567
Joint_6,-93.144179,7.723619,127.339482,-4.559427
