parameter,value
tx,2481.479037
ty,2909.319097
tz,35.952186
qx,0.001318
qy,0.001558
qz,-0.591500
qw,0.806302
