parameter,value
<<<<<<< HEAD
tx,1.162007
ty,1.165386
tz,96.963533
qx,0.499615
qy,0.501838
qz,0.500581
qw,0.497958
=======
<<<<<<< HEAD
tx,-0.288680
ty,1.835014
tz,238.501125
qx,0.497823
qy,0.504748
qz,0.506045
qw,0.491243
=======
tx,-0.411840
ty,1.914167
tz,238.564038
qx,0.500284
qy,0.505143
qz,0.508607
qw,0.485660
>>>>>>> 860f820dd96d16fd627a0b9adbc9b7b2e81a1488
>>>>>>> d65923ab4aa3302280a2aa55d9ac91c940d386cb
