parameter,value
tx,3609.526758
ty,3293.647453
tz,16.369036
qx,0.003397
qy,-0.002454
qz,0.786973
qw,-0.616973
