parameter,value
tx,0.218759
ty,1.427673
tz,239.967557
qx,0.478641
qy,0.498986
qz,0.512414
qw,0.509261
