parameter,value
tx,2.176049
ty,-0.850845
tz,95.747230
qx,0.725685
qy,0.002391
qz,0.005018
qw,0.688004
