,theta_offset,alpha,d,a
Joint_1,0.000000,0.000000,487.000000,0.000000
Joint_2,-90.035717,-90.000000,0.000000,85.091885
Joint_3,-0.050687,0.000000,0.000000,640.779297
Joint_4,0.036600,-90.000000,719.699831,205.817711
Joint_5,-0.084137,90.000000,0.000000,0.000000
Joint_6,180.000000,-90.000000,75.000000,0.000000
